INSERT INTO base_user (uuid, email, created_date, updated_date, first_name, second_name, password)
VALUES
('16918578-3571-43de-b90b-0404d5e10235','ivan.zelezinski@gmail.com','2025-10-15 03:26:58.456374','2025-10-15 03:26:58.456374','Ivan','Zelezinski','password'),
('867aae69-d30b-4fd9-a5bb-62858a7be559','irontmp+1czmn@gmail.com','2025-09-15 03:26:58.456374','2025-10-15 03:26:58.456374','Bublik','Kubrik','password'),
('e73ae940-4820-40e8-b547-71c0609b6cf7','daisy.m.ok.o.ni@gmail.com','2025-10-15 03:26:58.456374','2025-10-15 03:26:58.456374','Jason','Statham','password'),
('ca19e669-8de1-44d7-be67-aef7fa26a62c','3z5da4x@mydefipet.live','2025-09-15 03:26:58.456374','2025-10-15 03:26:58.456374','Jason','Momoa','password'),
('c6e8c53f-2bbd-45c6-9491-60c39cf1a228','cz.arishinz.ak.i@gmail.com','2025-08-15 03:26:58.456374','2025-10-15 03:26:58.456374','Billy','Momoa','password');

INSERT INTO bookcase
VALUES
('507830a9-1148-4edd-b63c-63a2d6854561', '2025-10-15 03:36:33.215286','2025-10-15 03:36:33.215286','Belkniga bookcase','Belkniga','16918578-3571-43de-b90b-0404d5e10235'),
('1ab917e2-44db-407b-a18e-35ddce99927d', '2021-08-15 03:36:33.215286','2025-10-15 03:36:33.215286','OZ bookcase','OZ','16918578-3571-43de-b90b-0404d5e10235'),
('67c3a962-a6bc-4f2a-9b87-f3f334ccc72d', '2025-09-15 03:36:33.215286','2025-10-15 03:36:33.215286','Souzdruk bookcase','Souzdruk','867aae69-d30b-4fd9-a5bb-62858a7be559'),
('55793506-9e4e-4d57-a022-92c14f2ce528', '2023-10-15 03:36:33.215286','2025-10-15 03:36:33.215286','WB bookcase','WB','867aae69-d30b-4fd9-a5bb-62858a7be559'),
('3718dfec-588e-45d5-9a4f-4c0cc5ba40bd', '2025-09-15 03:36:33.215286','2025-10-15 03:36:33.215286','OZON bookcase','OZON','e73ae940-4820-40e8-b547-71c0609b6cf7'),
('1f2118a5-c040-4da2-9606-c0681979e0a7', '2023-10-15 03:36:33.215286','2025-10-15 03:36:33.215286','Evroopt bookcase','Evroopt','e73ae940-4820-40e8-b547-71c0609b6cf7'),
('ece4ce79-2f80-419c-948b-9ddb116920b5', '2025-08-15 03:36:33.215286','2025-10-15 03:36:33.215286','Sosedy bookcase','Sosedy','ca19e669-8de1-44d7-be67-aef7fa26a62c'),
('1be83cda-af50-49ab-aec2-5aa77d7177b6', '2024-06-15 03:36:33.215286','2025-10-15 03:36:33.215286','Greeny bookcase','Greeny','ca19e669-8de1-44d7-be67-aef7fa26a62c'),
('0467049e-3c02-4e97-90a1-369dd1a42c82', '2025-10-15 03:36:33.215286','2025-10-15 03:36:33.215286','Belkniga bookcase','Belkniga','c6e8c53f-2bbd-45c6-9491-60c39cf1a228'),
('5a983873-31cc-4a74-abf9-a023f1057da8', '2024-03-15 03:36:33.215286','2025-10-15 03:36:33.215286','OZ bookcase','OZ','c6e8c53f-2bbd-45c6-9491-60c39cf1a228');

INSERT INTO book
VALUES
('03f8cde9-be54-4dcd-be34-313036f5f483','2025-10-15 03:36:33.215286','2025-10-15 03:38:49.495275','2002-10-15 00:00:00','Harry potter','507830a9-1148-4edd-b63c-63a2d6854561'),
('35195544-90e2-45cf-bdb3-113cc9179c5b','2021-08-15 03:36:33.215286','2025-10-15 03:38:49.495275','2001-10-15 00:00:00','IT book','507830a9-1148-4edd-b63c-63a2d6854561'),
('510d0993-b8f5-4b34-a58b-43279da0048e','2025-09-15 03:36:33.215286','2025-10-15 03:38:49.495275','2012-10-15 00:00:00','Medicine','507830a9-1148-4edd-b63c-63a2d6854561'),
('01f10570-7a4e-4911-8bfd-47e276f04573','2023-10-15 03:36:33.215286','2025-10-15 03:38:49.495275','2013-10-15 00:00:00','Math','1ab917e2-44db-407b-a18e-35ddce99927d'),
('d61b852a-2107-4bf3-b4f9-90231c0d3ac9','2025-09-15 03:36:33.215286','2025-10-15 03:38:49.495275','2015-10-15 00:00:00','Philosophy','1ab917e2-44db-407b-a18e-35ddce99927d'),
('2a435b85-ed7c-4590-851e-1603ab004592','2023-10-15 03:36:33.215286','2025-10-15 03:38:49.495275','2023-10-15 00:00:00','Batman','1ab917e2-44db-407b-a18e-35ddce99927d'),
('1b7b6bc4-927d-4082-b79a-88d502dd82ef','2025-08-15 03:36:33.215286','2025-10-15 03:38:49.495275','2021-10-15 00:00:00','Joker','67c3a962-a6bc-4f2a-9b87-f3f334ccc72d'),
('38cdd7ae-40f9-4ebc-a338-ad561048fd25','2024-06-15 03:36:33.215286','2025-10-15 03:38:49.495275','2009-10-15 00:00:00','T-34','67c3a962-a6bc-4f2a-9b87-f3f334ccc72d'),
('1a4d91f6-5e52-4a37-8e86-46578257ec37','2025-10-15 03:36:33.215286','2025-10-15 03:38:49.495275','2003-10-15 00:00:00','Santa Claus','55793506-9e4e-4d57-a022-92c14f2ce528'),
('2cc068af-f006-4d05-8008-83a785e09f2f','2024-03-15 03:36:33.215286','2025-10-15 03:38:49.495275','2004-10-15 00:00:00','Courses','3718dfec-588e-45d5-9a4f-4c0cc5ba40bd'),
('b2316db6-b66d-4a16-affa-51123a7fc4d4','2025-10-15 03:38:49.495275','2025-10-15 03:38:49.495275','2005-10-15 00:00:00','Household','507830a9-1148-4edd-b63c-63a2d6854561'),
('4002286e-df5e-4b6d-b2f0-2cbdc0a96e05','2025-10-15 03:36:33.215286','2025-10-15 03:38:49.495275','2002-10-15 00:00:00','Harry potter 1','1f2118a5-c040-4da2-9606-c0681979e0a7'),
('547d0e27-69ad-4cd3-9494-799c70efc78e','2021-08-15 03:36:33.215286','2025-10-15 03:38:49.495275','1999-10-15 00:00:00','Beer technology','507830a9-1148-4edd-b63c-63a2d6854561'),
('ed914e17-95b8-4e37-9ba2-170eb4927021','2025-09-15 03:36:33.215286','2025-10-15 03:38:49.495275','1965-10-15 00:00:00','Witcher','507830a9-1148-4edd-b63c-63a2d6854561'),
('fa9eb342-d949-48ca-a5cb-a49cc5015e11','2023-10-15 03:36:33.215286','2025-10-15 03:38:49.495275','1992-10-15 00:00:00','Sword forgery','0467049e-3c02-4e97-90a1-369dd1a42c82'),
('b6eadca9-99c0-47ad-8fde-7371683f84df','2025-09-15 03:36:33.215286','2025-10-15 03:38:49.495275','1980-10-15 00:00:00','Tokyo ghoul','ece4ce79-2f80-419c-948b-9ddb116920b5'),
('d8c72ba3-166d-4c0f-865e-34a52f35db4f','2023-10-15 03:36:33.215286','2025-10-15 03:38:49.495275','1993-10-15 00:00:00','Sanken Rock','ece4ce79-2f80-419c-948b-9ddb116920b5'),
('a5a36161-0474-4dda-9eef-8584a3cbb11e','2025-08-15 03:36:33.215286','2025-10-15 03:38:49.495275','1997-10-15 00:00:00','Instructions','5a983873-31cc-4a74-abf9-a023f1057da8'),
('7cd004b9-6a69-44b4-8cf9-33107229962e','2024-06-15 03:36:33.215286','2025-10-15 03:38:49.495275','1999-10-15 00:00:00','1111','1f2118a5-c040-4da2-9606-c0681979e0a7'),
('d2f7bf22-ba93-478a-8b24-c33a441bd3e4','2025-10-15 03:36:33.215286','2025-10-15 03:38:49.495275','1994-10-15 00:00:00','gansters','507830a9-1148-4edd-b63c-63a2d6854561'),
('8b4078a2-3944-4dd1-9b36-375e930f93da','2024-03-15 03:36:33.215286','2025-10-15 03:38:49.495275','1992-10-15 00:00:00','Mafia','1f2118a5-c040-4da2-9606-c0681979e0a7');






























